{
  "type": "Topology",
  "arcs": [
    [
      [543, 68],
      [-85, -68],
      [-7, 1],
      [-73, 38],
      [-59, -25],
      [-56, 76],
      [-111, 31],
      [-36, 145],
      [-116, 92],
      [23, 84],
      [150, 42],
      [124, 120],
      [49, -73],
      [0, -42],
      [23, 8],
      [113, 37],
      [11, -15],
      [3, -3],
      [-50, -53],
      [44, -58],
      [52, 50],
      [50, -43],
      [1, 2],
      [0, 0],
      [-29, -72],
      [72, -42],
      [2, -16],
      [-3, -55],
      [-99, -130],
      [7, -31]
    ]
  ],
  "transform": {
    "scale": [0.0002240280626189662, 0.0002111448809279532],
    "translate": [76.705152, 30.667443491919514]
  },
  "objects": {
    "districts": {
      "type": "GeometryCollection",
      "geometries": [
        {
          "arcs": [[0]],
          "type": "Polygon",
          "properties": {
            "dt_code": "055",
            "district": "Chandigarh",
            "st_code": "04",
            "year": "2011_c",
            "st_nm": "Chandigarh"
          }
        }
      ]
    }
  },
  "crs": {
    "type": "name",
    "properties": { "name": "urn:ogc:def:crs:OGC:1.3:CRS84" }
  }
}
