{
  "type": "Topology",
  "arcs": [
    [
      [1419, 1763],
      [4, -15],
      [-135, -72],
      [-6, -3],
      [41, -86],
      [-20, -53],
      [56, -72],
      [89, 5],
      [20, -49],
      [-93, -143],
      [-20, 24]
    ],
    [
      [1355, 1299],
      [0, 0],
      [-8, 9],
      [-119, 64],
      [0, 129],
      [-133, -120],
      [-60, 137],
      [-103, -37],
      [-214, 103],
      [-3, 4],
      [-34, 41],
      [-12, 16],
      [7, 67],
      [-176, 87],
      [-6, 59]
    ],
    [
      [494, 1858],
      [-6, 59],
      [2, 8],
      [50, -27],
      [1, 1],
      [1, 0],
      [54, 78],
      [11, 2],
      [165, -33],
      [69, 164],
      [65, -1],
      [31, 73],
      [147, -115],
      [75, 17],
      [8, -106],
      [5, -1],
      [44, -7],
      [8, -2],
      [0, 1],
      [70, 98],
      [157, -26],
      [6, -14],
      [19, -83],
      [-14, -105],
      [-67, 18],
      [4, -87],
      [20, -7]
    ],
    [
      [1768, 1385],
      [-12, -63],
      [-88, 9],
      [-41, -117],
      [-28, -10]
    ],
    [
      [1599, 1204],
      [-43, 90],
      [-52, 107],
      [88, -8],
      [-57, 37],
      [15, 113],
      [-1, 0],
      [-78, 34],
      [-10, 75],
      [36, 12]
    ],
    [
      [1497, 1664],
      [29, -41],
      [80, -21],
      [17, -101],
      [61, 6],
      [55, -59],
      [-5, -62],
      [0, -6],
      [7, 1],
      [27, 4]
    ],
    [
      [1282, 1196],
      [-22, -48],
      [43, -12],
      [11, -138]
    ],
    [
      [1314, 998],
      [-53, 36],
      [-52, 36],
      [-108, -3],
      [-80, -116]
    ],
    [
      [1021, 951],
      [-198, 22],
      [34, -85],
      [-34, -13],
      [-120, 135],
      [-68, -7],
      [-43, 153],
      [-52, -19],
      [-101, 60]
    ],
    [
      [439, 1197],
      [71, 137]
    ],
    [
      [510, 1334],
      [108, -83],
      [49, 73],
      [97, 13],
      [63, -67],
      [40, 39],
      [44, -41],
      [150, 0],
      [79, 61],
      [0, -1],
      [0, -8],
      [-18, -74],
      [18, -17],
      [1, -1],
      [14, -14],
      [104, -15],
      [23, -3]
    ],
    [
      [1766, 740],
      [-51, 144],
      [-75, -32],
      [-33, 73]
    ],
    [
      [1607, 925],
      [0, 0],
      [-42, 62]
    ],
    [
      [1565, 987],
      [43, -26],
      [10, -6],
      [25, 160],
      [-5, 10],
      [0, 0]
    ],
    [
      [1638, 1125],
      [107, 19],
      [1, 0],
      [82, -65],
      [9, -1]
    ],
    [
      [1837, 1078],
      [101, -88],
      [-1, -56],
      [-7, -4],
      [-104, -56],
      [-60, -134]
    ],
    [
      [1021, 951],
      [3, 0],
      [-95, -187],
      [-85, -3],
      [-32, -55],
      [142, -99],
      [44, -120],
      [0, 0],
      [0, 0],
      [-5, -12]
    ],
    [
      [993, 475],
      [-23, 15],
      [-41, 26],
      [-131, -6],
      [-152, 112],
      [0, -1],
      [-26, -41],
      [60, -47],
      [-22, -32],
      [-124, 30],
      [-109, -76],
      [-161, 42],
      [-90, -49],
      [-20, 8],
      [29, 72],
      [-161, 135],
      [-22, 147],
      [95, 15],
      [93, 210],
      [69, -37],
      [54, 35],
      [55, -60],
      [1, 2],
      [9, 11],
      [25, 32],
      [-3, 6],
      [-69, 93],
      [39, 80],
      [71, -1],
      [0, 1],
      [0, 0]
    ],
    [
      [1419, 1763],
      [102, -36],
      [-48, -29],
      [23, -32],
      [1, -2]
    ],
    [
      [1599, 1204],
      [38, -77],
      [1, -2]
    ],
    [
      [1565, 987],
      [-12, 17],
      [-156, 83],
      [-17, 9],
      [-66, -98]
    ],
    [
      [1282, 1196],
      [-23, 16],
      [96, 87]
    ],
    [
      [1607, 925],
      [-91, -45],
      [-80, -39],
      [-24, -124]
    ],
    [
      [1412, 717],
      [-29, 36],
      [-126, -57],
      [-25, -61],
      [51, -34],
      [-15, -52],
      [-142, -5],
      [-1, -1],
      [-8, -63],
      [70, -78],
      [-12, -41],
      [-99, 22]
    ],
    [
      [1076, 383],
      [7, 34],
      [-90, 58]
    ],
    [
      [1412, 717],
      [71, 10],
      [42, -137],
      [46, -32],
      [25, -202]
    ],
    [
      [1596, 356],
      [-40, -18],
      [-8, -20],
      [-32, -76],
      [51, -23],
      [2, -7],
      [8, -98],
      [-70, -63],
      [-26, -14],
      [-68, -13],
      [-84, 2],
      [-31, -25],
      [-7, -1],
      [-33, 96],
      [-10, 5],
      [-153, 84],
      [-49, 119],
      [30, 79]
    ],
    [
      [1768, 1385],
      [126, 20],
      [-30, -66],
      [37, -76],
      [-36, -24],
      [-28, -161]
    ],
    [
      [1766, 740],
      [-3, -5],
      [7, -7],
      [187, -200],
      [-40, -69],
      [-88, -99],
      [-92, 58],
      [-141, -62]
    ],
    [
      [510, 1334],
      [-91, 70],
      [45, 91],
      [-59, 97],
      [43, 60],
      [-8, 108],
      [0, 1],
      [-2, 0],
      [-43, 33],
      [37, 89],
      [62, -25]
    ]
  ],
  "transform": {
    "scale": [0.0002594798160449731, 0.00021947840273127376],
    "translate": [76.839559, 28.40471312524036]
  },
  "objects": {
    "districts": {
      "type": "GeometryCollection",
      "geometries": [
      
        {
          "arcs": [[-8, -21, -13, 22, 23, 24, -17]],
          "type": "Polygon",
          "properties": {
            "dt_code": "094",
            "district": "New Delhi",
            "st_code": "07",
            "year": "2011_c",
            "st_nm": "Delhi",
            "range":"10"
          }
        }
      ]
    }
  },
  "crs": {
    "type": "name",
    "properties": { "name": "urn:ogc:def:crs:OGC:1.3:CRS84" }
  }
}
