{
  "type": "Topology",
  "arcs": [
    [
      [1686, 1697],
      [-151, -72],
      [-61, -84],
      [-161, 2],
      [-42, -54],
      [-18, 24],
      [-103, -46],
      [-37, -13],
      [-1, 2],
      [-6, 77],
      [-56, 35],
      [19, 14],
      [-45, 64],
      [15, 15],
      [-203, 175],
      [-51, -45],
      [51, -61],
      [0, -1],
      [-20, -45],
      [-13, -27],
      [19, -38],
      [1, -2],
      [-34, -44],
      [-34, -44]
    ],
    [
      [755, 1529],
      [-88, -44],
      [-69, 50],
      [-51, -17],
      [-41, 67],
      [-136, -6],
      [-44, 39],
      [43, -7],
      [36, 87],
      [-68, 25],
      [-75, -17],
      [-32, 149],
      [-68, 127],
      [16, 76],
      [-43, 39],
      [-96, 263],
      [-39, 20],
      [22, -4],
      [29, -15],
      [100, -8],
      [42, 45],
      [125, -29],
      [1, 0],
      [1, 2],
      [47, 33],
      [55, 8],
      [9, 1],
      [3, 1],
      [2, 9],
      [47, 83],
      [30, 22],
      [9, 48],
      [4, 7],
      [4, -1],
      [65, -73],
      [-13, -67],
      [187, -23],
      [38, -76],
      [-24, -51],
      [60, -22],
      [10, -159],
      [1, -15],
      [68, -54],
      [89, -16],
      [29, 48],
      [204, 57],
      [37, 10],
      [15, 17],
      [3, 1],
      [21, 1],
      [27, -12],
      [85, 15],
      [8, 52],
      [40, 30],
      [29, -9],
      [-11, -33],
      [50, -11],
      [3, -37],
      [92, 51],
      [46, -41],
      [-23, -81],
      [59, -31],
      [-56, -140],
      [48, -5],
      [48, -54],
      [1, -67],
      [-80, -89],
      [0, -1]
    ],
    [
      [1686, 1697],
      [72, -121],
      [-20, -87],
      [21, -79],
      [139, -68],
      [-18, -111],
      [56, -99],
      [-29, -33],
      [-147, 0],
      [-73, -71],
      [24, -50],
      [123, -48],
      [46, -109],
      [-94, -108],
      [-1, -100],
      [-36, -47],
      [70, -162],
      [-84, -114],
      [-42, -11],
      [32, -55],
      [-35, -57],
      [-47, 22],
      [-103, -118],
      [-65, 90],
      [-42, 4],
      [-4, 0],
      [-27, -43],
      [22, -90],
      [-111, 38],
      [-113, -70],
      [-14, 28],
      [-108, 20],
      [17, 120],
      [-44, 109],
      [-40, 42],
      [-95, 25],
      [-20, 99],
      [-30, -7],
      [-16, 41],
      [-159, 55],
      [43, 32],
      [-26, 32],
      [51, 12],
      [2, 62],
      [40, 31],
      [-192, 603],
      [-39, 48],
      [-86, -32],
      [-98, 49],
      [-7, 48],
      [-43, 1],
      [-22, 42],
      [32, 16],
      [37, -44],
      [29, 33],
      [26, -22],
      [42, 22],
      [18, -36],
      [81, -5],
      [53, 35],
      [140, 0],
      [-40, 40],
      [23, 30]
    ]
  ],
  "transform": {
    "scale": [0.00034058479790732935, 0.0003481442028169034],
    "translate": [73.676874, 14.900642000000001]
  },
  "objects": {
    "districts": {
      "type": "GeometryCollection",
      "geometries": [
        {
          "arcs": [[0, 1]],
          "type": "Polygon",
          "properties": {
            "dt_code": "585",
            "district": "North Goa",
            "st_code": "30",
            "year": "2011_c",
            "st_nm": "Goa"
          }
        },
        {
          "arcs": [[-1, 2]],
          "type": "Polygon",
          "properties": {
            "dt_code": "586",
            "district": "South Goa",
            "st_code": "30",
            "year": "2011_c",
            "st_nm": "Goa"
          }
        }
      ]
    }
  },
  "crs": {
    "type": "name",
    "properties": { "name": "urn:ogc:def:crs:OGC:1.3:CRS84" }
  }
}
