{
  "type": "Topology",
  "arcs": [
    [
      [7459, 83],
      [13, -5],
      [-2, -4],
      [-11, 9]
    ],
    [
      [7489, 228],
      [-2, 2],
      [3, -1],
      [-1, -1]
    ],
    [
      [7844, 56],
      [-101, -56],
      [-220, 68],
      [264, 1],
      [271, 292],
      [-214, -305]
    ],
    [
      [12933, 10799],
      [-3, 0],
      [2, 1],
      [1, -1]
    ],
    [
      [12927, 10801],
      [0, -2],
      [-3, 0],
      [3, 2]
    ],
    [
      [12939, 10801],
      [-2, 0],
      [3, 2],
      [-1, -2]
    ],
    [
      [12925, 10801],
      [-3, 1],
      [2, 1],
      [1, -2]
    ],
    [
      [12931, 10801],
      [-4, 2],
      [11, 1],
      [-7, -3]
    ],
    [
      [12944, 10803],
      [-3, 0],
      [1, 2],
      [2, -2]
    ],
    [
      [12929, 10805],
      [-3, 0],
      [2, 1],
      [1, -1]
    ],
    [
      [12940, 10806],
      [-5, 0],
      [4, 1],
      [1, -1]
    ],
    [
      [12952, 10807],
      [-8, -1],
      [6, 5],
      [2, -4]
    ],
    [
      [12963, 10821],
      [-8, 3],
      [9, 1],
      [-1, -4]
    ],
    [
      [12906, 10834],
      [-1, -7],
      [-15, -1],
      [16, 8]
    ],
    [
      [12925, 10837],
      [-4, 1],
      [6, 3],
      [-2, -4]
    ],
    [
      [13080, 10826],
      [-58, -91],
      [-55, 84],
      [143, 184],
      [-30, -177]
    ],
    [
      [13122, 11043],
      [-4, 0],
      [0, 5],
      [4, -5]
    ],
    [
      [1053, 10639],
      [56, 72],
      [-17, -46],
      [-39, -26]
    ],
    [
      [13191, 11316],
      [34, -79],
      [-37, -71],
      [3, 150]
    ],
    [
      [1522, 11023],
      [-27, -26],
      [15, 39],
      [12, -13]
    ],
    [
      [1477, 11172],
      [-44, -2],
      [7, 53],
      [37, -51]
    ],
    [
      [4228, 13855],
      [48, -89],
      [-286, -128],
      [238, 217]
    ],
    [
      [13259, 15287],
      [297, -20],
      [-265, -62],
      [-105, 42],
      [73, 40]
    ],
    [
      [34, 15271],
      [1, -12],
      [-35, 0],
      [34, 12]
    ],
    [
      [348, 15652],
      [-302, -361],
      [217, 318],
      [85, 43]
    ],
    [
      [1094, 16059],
      [6, -65],
      [-43, 11],
      [37, 54]
    ],
    [
      [1417, 16082],
      [-89, -41],
      [15, 37],
      [74, 4]
    ],
    [
      [1485, 16091],
      [-15, -8],
      [-10, 6],
      [25, 2]
    ],
    [
      [1500, 16111],
      [-9, -13],
      [-8, 11],
      [17, 2]
    ],
    [
      [1503, 16118],
      [-8, 0],
      [-2, 17],
      [10, -17]
    ],
    [
      [4899, 17061],
      [-15, 80],
      [133, 54],
      [-118, -134]
    ],
    [
      [5268, 17474],
      [153, 357],
      [95, 107],
      [-248, -464]
    ],
    [
      [7439, 19190],
      [-78, 172],
      [92, -65],
      [-14, -107]
    ],
    [
      [225, 19965],
      [-32, -2],
      [-13, 18],
      [45, -16]
    ],
    [
      [4827, 20490],
      [-56, -25],
      [95, 128],
      [-39, -103]
    ]
  ],
  "transform": {
    "scale": [0.00011337872528769568, 0.000167044335453795],
    "translate": [72.164852, 8.264004]
  },
  "objects": {
    "districts": {
      "type": "GeometryCollection",
      "geometries": [
        {
          "arcs": [
            [[0]],
            [[1]],
            [[2]],
            [[3]],
            [[4]],
            [[5]],
            [[6]],
            [[7]],
            [[8]],
            [[9]],
            [[10]],
            [[11]],
            [[12]],
            [[13]],
            [[14]],
            [[15]],
            [[16]],
            [[17]],
            [[18]],
            [[19]],
            [[20]],
            [[21]],
            [[22]],
            [[23]],
            [[24]],
            [[25]],
            [[26]],
            [[27]],
            [[28]],
            [[29]],
            [[30]],
            [[31]],
            [[32]],
            [[33]],
            [[34]]
          ],
          "type": "MultiPolygon",
          "properties": {
            "dt_code": "587",
            "district": "Lakshadweep",
            "st_code": "31",
            "year": "2011_c",
            "st_nm": "Lakshadweep"
          }
        }
      ]
    }
  },
  "crs": {
    "type": "name",
    "properties": { "name": "urn:ogc:def:crs:OGC:1.3:CRS84" }
  }
}
