{
    "type": "FeatureCollection",
    "features": [
        {
            "type": "Feature",
            "properties": {},
            "geometry": {
                "type": "Polygon",
                "coordinates": [
                    [
                        [
                            76.32854461669922,
                            30.30353917828011
                        ],
                        [
                            76.34296417236328,
                            30.318655057186803
                        ],
                        [
                            76.34090423583984,
                            30.33110167727276
                        ],
                        [
                            76.35429382324219,
                            30.330805347556105
                        ],
                        [
                            76.3546371459961,
                            30.337028083293944
                        ],
                        [
                            76.34227752685547,
                            30.336731771512106
                        ],
                        [
                            76.35841369628906,
                            30.35658267783339
                        ],
                        [
                            76.35738372802734,
                            30.369616903210154
                        ],
                        [
                            76.35120391845703,
                            30.378799064289495
                        ],
                        [
                            76.31549835205078,
                            30.38472258144958
                        ],
                        [
                            76.3113784790039,
                            30.391089961939272
                        ],
                        [
                            76.31309509277344,
                            30.397308863195068
                        ],
                        [
                            76.30674362182617,
                            30.392126472976624
                        ],
                        [
                            76.29987716674805,
                            30.394495599764554
                        ],
                        [
                            76.28992080688477,
                            30.393014902255455
                        ],
                        [
                            76.26228332519531,
                            30.37169036980603
                        ],
                        [
                            76.24614715576172,
                            30.387388047033095
                        ],
                        [
                            76.22692108154297,
                            30.378502879007097
                        ],
                        [
                            76.22520446777344,
                            30.37198657573015
                        ],
                        [
                            76.26434326171875,
                            30.353027587637076
                        ],
                        [
                            76.22589111328125,
                            30.33554651541684
                        ],
                        [
                            76.20872497558594,
                            30.365766062875743
                        ],
                        [
                            76.1953353881836,
                            30.36724717325868
                        ],
                        [
                            76.1788558959961,
                            30.354805148883177
                        ],
                        [
                            76.15379333496094,
                            30.368728261208474
                        ],
                        [
                            76.16409301757812,
                            30.375244781665323
                        ],
                        [
                            76.1630630493164,
                            30.383241735819148
                        ],
                        [
                            76.14383697509766,
                            30.391534182301918
                        ],
                        [
                            76.15619659423828,
                            30.401010402148156
                        ],
                        [
                            76.17851257324219,
                            30.401898750620667
                        ],
                        [
                            76.17713928222656,
                            30.411670050415307
                        ],
                        [
                            76.16031646728516,
                            30.432985854877845
                        ],
                        [
                            76.18881225585938,
                            30.449265623235018
                        ],
                        [
                            76.18640899658203,
                            30.46672635218658
                        ],
                        [
                            76.20838165283203,
                            30.478858236062322
                        ],
                        [
                            76.22005462646484,
                            30.467614102257855
                        ],
                        [
                            76.23653411865233,
                            30.469685487622733
                        ],
                        [
                            76.25232696533202,
                            30.495130340274713
                        ],
                        [
                            76.27970695495605,
                            30.460807811599466
                        ],
                        [
                            76.2934398651123,
                            30.469241623039075
                        ],
                        [
                            76.29687309265137,
                            30.468057974259104
                        ],
                        [
                            76.30133628845215,
                            30.479597936184486
                        ],
                        [
                            76.29592895507812,
                            30.48374015299826
                        ],
                        [
                            76.29816055297852,
                            30.48677273567802
                        ],
                        [
                            76.30983352661133,
                            30.482112874557547
                        ],
                        [
                            76.31524085998535,
                            30.487660302976938
                        ],
                        [
                            76.32159233093262,
                            30.48803012029571
                        ],
                        [
                            76.32073402404785,
                            30.483888086052925
                        ],
                        [
                            76.32940292358398,
                            30.473236331462076
                        ],
                        [
                            76.32373809814453,
                            30.46687431109371
                        ],
                        [
                            76.33472442626953,
                            30.45207730788989
                        ],
                        [
                            76.36064529418945,
                            30.467466144474578
                        ],
                        [
                            76.3611602783203,
                            30.475011704826596
                        ],
                        [
                            76.37025833129883,
                            30.47619526908544
                        ],
                        [
                            76.37935638427734,
                            30.4773788189566
                        ],
                        [
                            76.38708114624023,
                            30.461399681840188
                        ],
                        [
                            76.40253067016602,
                            30.45932812026586
                        ],
                        [
                            76.41094207763672,
                            30.465690633543204
                        ],
                        [
                            76.42450332641602,
                            30.45947609041055
                        ],
                        [
                            76.41780853271484,
                            30.450153532415474
                        ],
                        [
                            76.42227172851562,
                            30.446453857466917
                        ],
                        [
                            76.4095687866211,
                            30.43653803617455
                        ],
                        [
                            76.41626358032227,
                            30.431209715711173
                        ],
                        [
                            76.42724990844725,
                            30.430913689372137
                        ],
                        [
                            76.43377304077148,
                            30.426177145763027
                        ],
                        [
                            76.4457893371582,
                            30.43135772854377
                        ],
                        [
                            76.45746231079102,
                            30.425585061640994
                        ],
                        [
                            76.44527435302734,
                            30.417295506645424
                        ],
                        [
                            76.45145416259766,
                            30.412854383934402
                        ],
                        [
                            76.44304275512694,
                            30.409301340268463
                        ],
                        [
                            76.45008087158203,
                            30.40826501150554
                        ],
                        [
                            76.44115447998047,
                            30.397308863195068
                        ],
                        [
                            76.45608901977539,
                            30.389313060289677
                        ],
                        [
                            76.44201278686523,
                            30.3888688298276
                        ],
                        [
                            76.44132614135742,
                            30.384130245890272
                        ],
                        [
                            76.42827987670898,
                            30.37953952356879
                        ],
                        [
                            76.4322280883789,
                            30.372282780756848
                        ],
                        [
                            76.42724990844725,
                            30.364877385878344
                        ],
                        [
                            76.45196914672852,
                            30.36502549927204
                        ],
                        [
                            76.4593505859375,
                            30.35954515431212
                        ],
                        [
                            76.44149780273438,
                            30.34295413059721
                        ],
                        [
                            76.45694732666016,
                            30.335250199151083
                        ],
                        [
                            76.44235610961914,
                            30.32487856492592
                        ],
                        [
                            76.43840789794922,
                            30.310060039424812
                        ],
                        [
                            76.42416000366211,
                            30.302205312335193
                        ],
                        [
                            76.41815185546875,
                            30.318506873612385
                        ],
                        [
                            76.40802383422852,
                            30.315691343116896
                        ],
                        [
                            76.38914108276367,
                            30.300871428242587
                        ],
                        [
                            76.3930892944336,
                            30.305762247858855
                        ],
                        [
                            76.37991428375243,
                            30.312171816229824
                        ],
                        [
                            76.37197494506836,
                            30.295683928709654
                        ],
                        [
                            76.36253356933594,
                            30.29657323383411
                        ],
                        [
                            76.32854461669922,
                            30.30353917828011
                        ]
                    ]
                ]
            }
        }
    ]
}