{
  "type": "Topology",
  "arcs": [
    [
      [21249, 4635],
      [23, 6],
      [32, -16],
      [0, -1],
      [-47, -57],
      [-8, 68]
    ],
    [
      [21366, 4648],
      [-54, 3],
      [25, 21],
      [29, -24]
    ],
    [
      [21852, 4701],
      [2, 42],
      [46, 0],
      [-57, -227],
      [0, 0],
      [0, 0],
      [-122, -15],
      [-31, 45],
      [-55, -78],
      [-215, 75],
      [58, 91],
      [57, -5],
      [-32, 130],
      [43, 28],
      [10, -3],
      [141, -84],
      [8, -5],
      [6, -4],
      [26, 26],
      [22, 15],
      [93, -31]
    ],
    [
      [21123, 4776],
      [83, -121],
      [-127, 30],
      [2, 51],
      [30, 43],
      [12, -3]
    ],
    [
      [21348, 4873],
      [-16, -4],
      [18, 56],
      [-2, -52]
    ],
    [
      [21075, 4947],
      [87, -45],
      [-25, -69],
      [-158, 7],
      [8, 74],
      [-136, -57],
      [-13, 119],
      [46, -28],
      [1, 0],
      [3, 3],
      [72, 55],
      [20, -10],
      [37, -19],
      [58, -30]
    ],
    [
      [21274, 5308],
      [-152, 1],
      [37, 73],
      [102, 16],
      [13, -90]
    ],
    [
      [21278, 4978],
      [-58, -13],
      [-1, 52],
      [110, 15],
      [4, 115],
      [115, -1],
      [-62, -26],
      [24, -108],
      [90, -2],
      [61, 72],
      [-119, 111],
      [18, 75],
      [-58, 24],
      [8, -80],
      [-73, 63],
      [-6, 83],
      [99, 17],
      [-14, 89],
      [221, 84],
      [25, -71],
      [-95, -55],
      [-79, 38],
      [-15, -41],
      [108, -57],
      [29, -212],
      [61, 41],
      [-12, 71],
      [127, 76],
      [104, -31],
      [39, 116],
      [143, -104],
      [-168, -562],
      [-2, 5],
      [4, 36],
      [-22, 9],
      [-109, 41],
      [-1, 0],
      [-1, 0],
      [-4, -5],
      [-63, -70],
      [-5, 1],
      [-6, 51],
      [-14, 118],
      [-1, 5],
      [-2, -5],
      [-60, -130],
      [-7, 0],
      [-2, 0],
      [-53, 77],
      [-2, -1],
      [0, 1],
      [-93, -11],
      [-10, -35],
      [-5, -3],
      [-4, 5],
      [-38, 156],
      [0, 3],
      [-1, 0],
      [-4, 0],
      [-41, 0],
      [-84, -15],
      [4, -12]
    ],
    [
      [21822, 5635],
      [12, 13],
      [59, -16],
      [-63, -10],
      [-8, 13]
    ],
    [
      [20944, 5535],
      [39, 140],
      [121, -42],
      [-71, -187],
      [56, -73],
      [-29, -118],
      [75, 28],
      [68, -78],
      [-35, -75],
      [-78, -38],
      [-76, -27],
      [-10, 1],
      [-24, 53],
      [-20, 45],
      [-23, 53],
      [0, 12],
      [50, 40],
      [-58, 209],
      [46, 48],
      [-31, 9]
    ],
    [
      [21377, 5678],
      [-10, -98],
      [86, -89],
      [-175, -3],
      [-23, -39],
      [-36, 55],
      [-86, -16],
      [22, 97],
      [56, -12],
      [113, 119],
      [53, -14]
    ],
    [
      [22072, 5590],
      [47, 182],
      [123, -44],
      [-85, -168],
      [-85, 30]
    ],
    [
      [21839, 5034],
      [-67, 33],
      [-35, -4],
      [-30, -4],
      [23, -70],
      [14, -43],
      [21, -65],
      [14, 24],
      [43, 78],
      [26, 46],
      [-9, 5]
    ],
    [
      [21905, 242],
      [-10, 4],
      [19, 4],
      [-9, -8]
    ],
    [
      [21554, 441],
      [2, -4],
      [-4, 2],
      [0, 1],
      [2, 1]
    ],
    [
      [21464, 509],
      [-8, 3],
      [7, 4],
      [1, -7]
    ],
    [
      [21478, 497],
      [25, 6],
      [-27, 36],
      [44, 50],
      [20, 23],
      [-86, -24],
      [-3, 77],
      [130, -11],
      [9, -46],
      [88, 18],
      [2, 0],
      [-44, 93],
      [-14, 29],
      [-23, 49],
      [-6, 2],
      [-1, 17],
      [31, 10],
      [22, 1],
      [148, -26],
      [60, -70],
      [89, 100],
      [153, -38],
      [33, -40],
      [-4, -751],
      [-101, -2],
      [-15, 105],
      [-103, 28],
      [-2, 46],
      [89, -2],
      [-70, 73],
      [80, 18],
      [4, 1],
      [-191, 49],
      [-34, -30],
      [60, 67],
      [-31, 27],
      [-169, -79],
      [31, 107],
      [-101, 34],
      [0, 14],
      [-91, 21],
      [-2, 18]
    ],
    [
      [32, 4144],
      [21, -4],
      [26, -33],
      [-61, 16],
      [14, 21]
    ],
    [
      [148, 4216],
      [-97, -11],
      [-28, -52],
      [-23, 83],
      [77, 60],
      [-53, 94],
      [34, 18],
      [90, -192]
    ],
    [
      [34074, 27858],
      [99, -12],
      [99, 108],
      [21, -3],
      [11, -7],
      [-70, -106],
      [267, -52],
      [102, 23],
      [81, 102],
      [25, -139],
      [-223, -114],
      [-142, 102],
      [-204, 22],
      [-41, 27],
      [-25, 49]
    ]
  ],
  "transform": {
    "scale": [0.0001954465124319342, 0.00021213400334233384],
    "translate": [75.526636, 10.827445]
  },
  "objects": {
    "districts": {
      "type": "GeometryCollection",
      "geometries": [
        {
          "arcs": [
            [[0]],
            [[1]],
            [[2]],
            [[3]],
            [[4]],
            [[5]],
            [[6]],
            [[7], [12]],
            [[8]],
            [[9]],
            [[10]],
            [[11]]
          ],
          "type": "MultiPolygon",
          "properties": {
            "dt_code": "635",
            "district": "Puducherry",
            "st_code": "34",
            "year": "2011_c",
            "st_nm": "Puducherry"
          }
        },
        {
          "arcs": [[[13]], [[14]], [[15]], [[16]]],
          "type": "MultiPolygon",
          "properties": {
            "dt_code": "637",
            "district": "Karaikal",
            "st_code": "34",
            "year": "2011_c",
            "st_nm": "Puducherry"
          }
        },
        {
          "arcs": [[[17]], [[18]]],
          "type": "MultiPolygon",
          "properties": {
            "dt_code": "636",
            "district": "Mahe",
            "st_code": "34",
            "year": "2011_c",
            "st_nm": "Puducherry"
          }
        },
        {
          "arcs": [[19]],
          "type": "Polygon",
          "properties": {
            "dt_code": "634",
            "district": "Yanam",
            "st_code": "34",
            "year": "2011_c",
            "st_nm": "Puducherry"
          }
        }
      ]
    }
  },
  "crs": {
    "type": "name",
    "properties": { "name": "urn:ogc:def:crs:OGC:1.3:CRS84" }
  }
}
