{
  "type": "Topology",
  "arcs": [
    [
      [1217, 847],
      [-106, 38],
      [-6, 8],
      [-65, 76],
      [-19, 156],
      [-69, 40],
      [-65, 86],
      [-76, 13],
      [-57, -12],
      [-55, -22],
      [-5, -2]
    ],
    [
      [694, 1228],
      [-104, 61],
      [-82, 129],
      [-247, 103]
    ],
    [
      [261, 1521],
      [12, 71],
      [62, 52],
      [27, 74],
      [-16, 38],
      [23, 93],
      [57, 28],
      [9, 82],
      [42, 38],
      [-64, 86],
      [77, 48],
      [-18, 46],
      [-159, 77],
      [12, 21],
      [-52, 78],
      [48, 54],
      [-23, 35],
      [41, 41],
      [155, -63],
      [7, 55],
      [79, 27],
      [35, -80],
      [39, 41],
      [110, 28],
      [25, 32],
      [32, -16],
      [57, 47],
      [147, -21],
      [16, 47],
      [136, 49],
      [72, 103],
      [72, -52],
      [57, -4],
      [19, 133],
      [174, 46],
      [-17, 84],
      [54, -21],
      [100, -134],
      [218, 10],
      [146, -146],
      [62, -24],
      [20, -62],
      [-18, -177],
      [61, -4],
      [25, -32],
      [46, -166],
      [-19, -75],
      [-65, -37],
      [16, -51],
      [-21, -91],
      [30, -63],
      [-23, -72],
      [-48, -30],
      [27, -106],
      [-54, -65],
      [-32, 5],
      [-27, -62],
      [12, -59],
      [-55, -49],
      [8, -27],
      [-71, -29],
      [35, -90],
      [40, -9],
      [-41, -168],
      [14, -52],
      [36, -6],
      [-11, -29],
      [44, -38],
      [-11, -24],
      [-28, 2]
    ],
    [
      [2024, 958],
      [-47, 4],
      [-123, 9],
      [0, -1],
      [-94, -57],
      [-168, -35],
      [-2, 0],
      [-99, 37],
      [-98, -21],
      [-79, 24],
      [-74, -55],
      [-23, -16]
    ],
    [
      [694, 1228],
      [-45, -36],
      [28, -264],
      [141, 21],
      [16, -34],
      [37, 21],
      [21, -28],
      [0, 0],
      [-6, -62],
      [-66, -20],
      [-24, -65],
      [-62, -40],
      [39, -59],
      [-11, -28],
      [-83, -46],
      [66, -65],
      [2, -85],
      [77, -96],
      [-84, -64],
      [-48, -111]
    ],
    [
      [692, 167],
      [-2, -5],
      [-124, -31],
      [-43, 36],
      [-88, 3],
      [-73, -63],
      [-149, 66],
      [-57, 145],
      [11, 41],
      [1, 2],
      [-5, 3],
      [-82, 44],
      [-14, 7],
      [-6, -2],
      [-14, 3],
      [-47, -24],
      [45, 106],
      [3, 97],
      [93, 138],
      [-68, 100],
      [14, 96],
      [72, 76],
      [-21, 69],
      [-58, 57],
      [-2, 51],
      [43, 43],
      [-4, 68],
      [54, 78],
      [8, 68],
      [82, 82]
    ],
    [
      [1217, 847],
      [0, -2],
      [-5, -3],
      [3, -119],
      [-87, -48],
      [-27, -138],
      [128, -76],
      [2, -23],
      [-7, -70],
      [14, -22],
      [8, -12],
      [8, -12],
      [90, -31],
      [0, 0]
    ],
    [
      [1344, 291],
      [-2, -31],
      [-3, -47],
      [-88, -72],
      [-54, -4],
      [-43, -86],
      [-86, -51],
      [17, 24],
      [-196, 43],
      [-38, 40],
      [-3, -1],
      [-43, -11],
      [-20, 56],
      [-38, 9],
      [-32, -5],
      [-17, 1],
      [-6, 11]
    ],
    [
      [2024, 958],
      [114, -102],
      [60, 22],
      [59, -123],
      [82, -34],
      [10, -28],
      [-41, -134],
      [-63, -31],
      [-122, 3],
      [-75, -40],
      [-31, -173],
      [-64, -21],
      [-14, -72],
      [-58, -44],
      [-43, 8],
      [-16, 29],
      [-15, 29],
      [-10, 17],
      [-47, 25],
      [-2, -1],
      [-54, -25],
      [-34, -16],
      [-2, -1],
      [-145, 79],
      [-148, -29],
      [-21, -4],
      [0, -1]
    ]
  ],
  "transform": {
    "scale": [0.0003852635163899588, 0.0003595930599997341],
    "translate": [88.014119, 27.071388996660787]
  },
  "objects": {
    "districts": {
      "type": "GeometryCollection",
      "geometries": [
        {
          "arcs": [[0, 1, 2, 3]],
          "type": "Polygon",
          "properties": {
            "dt_code": "241",
            "district": "North Sikkim",
            "st_code": "11",
            "year": "2011_c",
            "st_nm": "Sikkim"
          }
        },
        {
          "arcs": [[-2, 4, 5]],
          "type": "Polygon",
          "properties": {
            "dt_code": "242",
            "district": "West Sikkim",
            "st_code": "11",
            "year": "2011_c",
            "st_nm": "Sikkim"
          }
        },
        {
          "arcs": [[-1, 6, 7, -5]],
          "type": "Polygon",
          "properties": {
            "dt_code": "243",
            "district": "South Sikkim",
            "st_code": "11",
            "year": "2011_c",
            "st_nm": "Sikkim"
          }
        },
        {
          "arcs": [[-4, 8, -7]],
          "type": "Polygon",
          "properties": {
            "dt_code": "244",
            "district": "East Sikkim",
            "st_code": "11",
            "year": "2011_c",
            "st_nm": "Sikkim"
          }
        }
      ]
    }
  },
  "crs": {
    "type": "name",
    "properties": { "name": "urn:ogc:def:crs:OGC:1.3:CRS84" }
  }
}
